Judgements,Accuracy,SD
1,0.6632653061224489,0.0163265306122
2,0.6658163265306123,0.0176567964276
3,0.71287657920311,0.0135188309419
4,0.7116942014901199,0.0132145316641
5,0.7220116618075798,0.0112534806657
6,0.7227648202138,0.00914034725165
7,0.7223356009070296,0.00875074875576
8,0.7192743764172334,0.00653281645845
9,0.7183673469387755,0.0
