Judgements,Accuracy,SD
1,0.510204081632653,0.0125588697017
2,0.5062358276643991,0.0134102556604
3,0.5483665993870075,0.0103991007245
4,0.5488649672323143,0.0108054564814
5,0.5553935860058311,0.00865652358899
6,0.555842117066607,0.00784101272953
7,0.5556427699284842,0.00673134519674
8,0.5550322693179837,0.00637082936255
9,0.5525902668759811,0.0