Judgements;Accuracy;SD
1;0.510204082;0.01255887
2;0.546834118;0.013665688
3;0.548366599;0.010399101
4;0.566856046;0.011927876
5;0.555393586;0.008656524
6;0.568363609;0.009686061
7;0.55564277;0.006731345
8;0.566718995;0.006493811
9;0.552590267;0
