Judgements,Accuracy,SD
1,0.510204081632653,0.0125588697017
2,0.5468341182626897,0.013665687972
3,0.5483665993870075,0.0103991007245
4,0.5668560464478831,0.0119278763423
5,0.5553935860058311,0.00865652358899
6,0.5683636091799356,0.00968606146077
7,0.5556427699284842,0.00673134519674
8,0.5667189952904239,0.00649381143171
9,0.5525902668759811,0.0
