Judgements,Accuracy,SD
1,0.5138670852956567,0.0113204121679
2,0.5156549799406941,0.0151865118151
3,0.52220228750841,0.0161565895905
4,0.5267748124890984,0.0152621236828
5,0.5300515810719889,0.0133741273393
6,0.533041788143829,0.010869297308
7,0.5363247863247863,0.00835746262295
8,0.5402058259201117,0.00621123105347
9,0.5447409733124019,0.0
