Judgements,Accuracy,SD
1,0.510204081632653,0.0125588697017
2,0.4767137624280481,0.0151753008896
3,0.4408873439485684,0.0155775668078
4,0.40604520196356936,0.0154718335701
5,0.37286636266228096,0.0148886976741
6,0.34142558122149946,0.0138402477065
7,0.31174777603349024,0.0121227194066
8,0.28379556950985524,0.00920679799086
9,0.25745682888540034,0.0
