Judgements,Accuracy,SD
1,0.510204081632653,0.0125588697017
2,0.5115122972265831,0.0155957735644
3,0.5483665993870075,0.0103991007245
4,0.5478433131494358,0.0106573330272
5,0.5553935860058311,0.00865652358899
6,0.5556739179188159,0.00842421109011
7,0.5556427699284842,0.00673134519674
8,0.5557299843014127,0.00568434353281
9,0.5525902668759811,0.0
