Judgements,Accuracy,SD
1,0.9189189189189189,0.002079002079
2,0.9194531069531071,0.00245238086823
3,0.9252363627363629,0.00172147275507
4,0.9251497376497378,0.00167795539477
5,0.9263996138996134,0.00143300559412
6,0.9263903326403325,0.00136743536771
7,0.926440863940864,0.00111431052243
8,0.9263398013398013,0.000637870236613
9,0.9259355509355509,0.0
