Judgements,F0.5,SD
1,0.647832194824,0.0504792751448
2,0.720533238686,0.0692883246515
3,0.754184110617,0.0810754123331
4,0.776226237506,0.0877414457918
5,0.792327659006,0.0922134080966
6,0.805002175397,0.0958200105567
7,0.81588167205,0.0995649358469
8,0.825871673721,0.104080499459
9,0.835320129223,0.110002257918
