Judgements,F0.5,SD
1,0.636423877635,0.0470854585228
2,0.69303154926,0.0688074217594
3,0.714756855906,0.0754345620855
4,0.727439832004,0.0788336701578
5,0.739296940411,0.0826455865888
6,0.751326972061,0.0870710719059
7,0.764313523314,0.0920420567507
8,0.778985157299,0.0975483183941
9,0.795495679301,0.103969813473
