Judgements,F0.5,SD
1,0.669056889743,0.0157157312653
2,0.719404110905,0.0341371218664
3,0.736095462145,0.0393074986957
4,0.745763084135,0.0426058830166
5,0.753580223471,0.0475737095723
6,0.760470066217,0.054092744628
7,0.766759640716,0.06179815424
8,0.772923756398,0.0706650529978
