Judgements,F0.5,SD
1,0.510204081633,0.0125588697017
2,0.583551369266,0.0129274532116
3,0.615646258503,0.0115178175922
4,0.636228850515,0.00949904834098
5,0.651404151404,0.00734015857782
6,0.66343350527,0.00547588048422
7,0.673382173382,0.00398427482313
8,0.681841967556,0.00266824673657
9,0.689167974882,0.0
