Judgements,F0.5,SD
1,0.683393151708,0.0132742750025
2,0.747013806114,0.0363200119026
3,0.776951990806,0.0481126102041
4,0.797021515784,0.0559794429699
5,0.812237150507,0.0619536525701
6,0.824653850045,0.0671466166454
7,0.834789561447,0.0720442888402
8,0.842928268111,0.0769457489462
