Judgements,F0.5,SD
1,0.677029392658,0.0156717347226
2,0.726101505802,0.0251968412653
3,0.748828941463,0.0364382173502
4,0.76438050649,0.0462485032899
5,0.776387867807,0.05471081206
6,0.786509440973,0.0627888504912
7,0.79500863162,0.0703055683544
8,0.801780138209,0.0767959403375
