Judgements,F0.5,SD
1,0.643813449887,0.0476513731826
2,0.700878577978,0.0684811749509
3,0.727503110167,0.0786858055188
4,0.746907370076,0.0856146476153
5,0.763060893315,0.090923508371
6,0.777820455178,0.095616078023
7,0.792100191484,0.101055280901
8,0.805962383211,0.108289839957
9,0.819447980955,0.117540239463
