Judgements,Accuracy,SD
1,0.5138670852956567,0.0113204121679
2,0.5103785103785105,0.0163344860538
3,0.5159976078343426,0.0153125446616
4,0.5204206224614386,0.0140464603666
5,0.5241583813012385,0.0124528652526
6,0.5275659714435227,0.0106262025254
7,0.5307866736438166,0.00848448387024
8,0.5342752485609629,0.00587387344862
9,0.5384615384615384,0.0
