Judgements;Accuracy;SD;Accuracy;SD
1;0.513867085;0.011320412;0.513867085;0.011320412
2;0.51565498;0.015186512;0.51037851;0.016334486
3;0.522202288;0.01615659;0.515997608;0.015312545
4;0.526774812;0.015262124;0.520420622;0.01404646
5;0.530051581;0.013374127;0.524158381;0.012452865
6;0.533041788;0.010869297;0.527565971;0.010626203
7;0.536324786;0.008357463;0.530786674;0.008484484
8;0.540205826;0.006211231;0.534275249;0.005873873
9;0.544740973;0;0.538461538;0
