Judgements,Accuracy,SD
1,0.5438688295831153,0.0111033179577
2,0.5306122448979592,0.0129981604902
3,0.522407864244599,0.0135831796769
4,0.5177668136851807,0.0127940172176
5,0.5146644738481471,0.0110872005545
6,0.5125775584959256,0.00906518259193
7,0.5115559044130474,0.00689421205431
8,0.5117739403453689,0.00462153891488
9,0.5133437990580848,0.0
