Judgements,Accuracy,SD
1,0.5375893947322519,0.00800854022902
2,0.5248124890982032,0.0128115360901
3,0.5185205950512072,0.013770724854
4,0.5142657795719021,0.0131377600415
5,0.5113627868729911,0.0116527591726
6,0.5095499738356882,0.00961706900202
7,0.5089394732251875,0.00720178988528
8,0.5096807953950813,0.00490886003121
9,0.5117739403453689,0.0
